,A,C,G,T,M,R,W,S,Y,K,V,H,D,B,N
A,1.00,0.00,0.00,0.00,0.50,0.50,0.50,0.00,0.00,0.00,0.33,0.33,0.33,0.00,0.25
C,0.00,1.00,0.00,0.00,0.50,0.00,0.00,0.50,0.50,0.00,0.33,0.33,0.00,0.33,0.25
G,0.00,0.00,1.00,0.00,0.00,0.50,0.00,0.50,0.00,0.50,0.33,0.00,0.33,0.33,0.25
T,0.00,0.00,0.00,1.00,0.00,0.00,0.50,0.00,0.50,0.50,0.00,0.33,0.33,0.33,0.25
M,0.50,0.50,0.00,0.00,0.50,0.25,0.25,0.25,0.25,0.00,0.33,0.33,0.17,0.17,0.25
R,0.50,0.00,0.50,0.00,0.25,0.50,0.25,0.25,0.00,0.25,0.33,0.17,0.33,0.17,0.25
W,0.50,0.00,0.00,0.50,0.25,0.25,0.50,0.00,0.25,0.25,0.17,0.33,0.33,0.17,0.25
S,0.00,0.50,0.50,0.00,0.25,0.25,0.00,0.50,0.25,0.25,0.33,0.17,0.17,0.33,0.25
Y,0.00,0.50,0.00,0.50,0.25,0.00,0.25,0.25,0.50,0.25,0.17,0.33,0.17,0.33,0.25
K,0.00,0.00,0.50,0.50,0.00,0.25,0.25,0.25,0.25,0.50,0.17,0.17,0.33,0.33,0.25
V,0.33,0.33,0.33,0.00,0.33,0.33,0.17,0.33,0.17,0.17,0.33,0.22,0.22,0.22,0.25
H,0.33,0.33,0.00,0.33,0.33,0.17,0.33,0.17,0.33,0.17,0.22,0.33,0.22,0.22,0.25
D,0.33,0.00,0.33,0.33,0.17,0.33,0.33,0.17,0.17,0.33,0.22,0.22,0.33,0.22,0.25
B,0.00,0.33,0.33,0.33,0.17,0.17,0.17,0.33,0.33,0.33,0.22,0.22,0.22,0.33,0.25
N,0.25,0.25,0.25,0.25,0.25,0.25,0.25,0.25,0.25,0.25,0.25,0.25,0.25,0.25,0.25
